{
	"textures": {"0": "custom/heads/blue_2"},
	"elements": [
		{
			"name": "Cube",
			"from": [0, -5, 0],
			"to": [16, 15, 16],
			"faces": {
				"north": {
					"uv": [
						2,
						2,
						3.9999999999999996,
						4.499999999999998
					],
					"texture": "#0"
				},
				"east": {
					"uv": [0, 2, 2, 4.500000000000002],
					"texture": "#0"
				},
				"south": {"uv": [6, 2, 8, 4.5], "texture": "#0"},
				"west": {
					"uv": [4, 2, 6, 4.499999999999998],
					"texture": "#0"
				},
				"up": {"uv": [2, 0, 4, 2], "texture": "#0"},
				"down": {"uv": [4, 0, 6, 2], "texture": "#0"}
			}
		},
		{
			"name": "Cube",
			"from": [6, -7, -4],
			"to": [10, 1, 0],
			"faces": {
				"north": {
					"uv": [
						6.499999999999998,
						0.5,
						7,
						1.4999999999999982
					],
					"texture": "#0"
				},
				"east": {
					"uv": [
						6,
						0.5,
						6.500000000000002,
						1.5000000000000018
					],
					"texture": "#0"
				},
				"south": {
					"uv": [7.499999999999998, 0.5, 8, 1.5],
					"texture": "#0"
				},
				"west": {
					"uv": [
						7,
						0.5,
						7.500000000000002,
						1.4999999999999982
					],
					"texture": "#0"
				},
				"up": {
					"uv": [
						6.500000000000002,
						2.7755575615628914e-17,
						7.0000000000000036,
						0.5000000000000001
					],
					"texture": "#0"
				},
				"down": {
					"uv": [
						7,
						0,
						7.500000000000002,
						0.5000000000000001
					],
					"texture": "#0"
				}
			}
		}
	],
	"display": {
		"thirdperson_righthand": {
			"scale": [0.375, 0.375, 0.375],
			"rotation": [75, 45, 0],
			"translation": [0, 2.5, 0]
		},
		"thirdperson_lefthand": {
			"scale": [0.375, 0.375, 0.375],
			"rotation": [75, 45, 0],
			"translation": [0, 2.5, 0]
		},
		"firstperson_righthand": {
			"scale": [0.4, 0.4, 0.4],
			"rotation": [0, 45, 0],
			"translation": [0, 0, 0]
		},
		"firstperson_lefthand": {
			"scale": [0.4, 0.4, 0.4],
			"rotation": [0, 225, 0],
			"translation": [0, 0, 0]
		},
		"head": {
            "rotation":  [ -30, 0, 0 ],
            "scale": [2, 2, 2],
            "translation": [0, -37.60, -4]
		},
		"ground": {
			"scale": [0.25, 0.25, 0.25],
			"rotation": [0, 0, 0],
			"translation": [0, 3, 0]
		},
		"fixed": {
			"scale": [0.5, 0.5, 0.5],
			"rotation": [0, 0, 0],
			"translation": [0, 0, 0]
		},
		"gui": {
			"scale": [0.5, 0.5, 0.5],
			"rotation": [30, 225, 0],
			"translation": [0, 0, 0]
		}
	}
}